{"cameraMode":{"drawMode":0,"name":"Shaded","section":"Shading Mode"},"sceneLighting":true,"audioPlay":false,"sceneViewState":{"showFog":false,"showMaterialUpdate":false,"showSkybox":false,"showFlares":false,"showImageEffects":false,"showParticleSystems":false},"in2DMode":false,"pivot":{"x":0.14453125,"y":4.968593597412109,"z":16.552085876464845},"rotation":{"x":-0.13976247608661652,"y":0.7486138343811035,"z":-0.1670842170715332,"w":-0.6262007355690002},"size":17.48850440979004,"orthographic":true}