{"cameraMode":{"drawMode":0,"name":"Shaded","section":"Shading Mode"},"sceneLighting":true,"audioPlay":false,"sceneViewState":{"showFog":false,"showMaterialUpdate":false,"showSkybox":false,"showFlares":false,"showImageEffects":false,"showParticleSystems":false},"in2DMode":false,"pivot":{"x":-17.52106285095215,"y":3.6884765625,"z":0.1593669354915619},"rotation":{"x":0.1800229251384735,"y":-0.409848690032959,"z":0.08286752551794052,"w":0.8903674483299255},"size":7.262096881866455,"orthographic":true}