{"cameraMode":{"drawMode":0,"name":"Shaded","section":"Shading Mode"},"sceneLighting":false,"audioPlay":false,"sceneViewState":{"showFog":false,"showMaterialUpdate":false,"showSkybox":false,"showFlares":false,"showImageEffects":false,"showParticleSystems":false},"in2DMode":false,"pivot":{"x":1.639080286026001,"y":-11.548456192016602,"z":0.11939620971679688},"rotation":{"x":-0.0856080874800682,"y":0.9008511900901794,"z":-0.37186962366104128,"w":-0.20727035403251649},"size":16.015066146850587,"orthographic":true}