{"cameraMode":{"drawMode":0,"name":"Shaded","section":"Shading Mode"},"sceneLighting":false,"audioPlay":false,"sceneViewState":{"showFog":false,"showMaterialUpdate":false,"showSkybox":false,"showFlares":false,"showImageEffects":false,"showParticleSystems":false},"in2DMode":false,"pivot":{"x":-0.4699999988079071,"y":1.159999966621399,"z":-1.7400000095367432},"rotation":{"x":0.5424708127975464,"y":-0.10994521528482437,"z":0.07184989005327225,"w":0.8297910094261169},"size":0.000017344029402011074,"orthographic":true}