{"cameraMode":{"drawMode":0,"name":"Shaded","section":"Shading Mode"},"sceneLighting":true,"audioPlay":false,"sceneViewState":{"showFog":false,"showMaterialUpdate":false,"showSkybox":false,"showFlares":false,"showImageEffects":false,"showParticleSystems":false},"in2DMode":false,"pivot":{"x":-1.8962033987045289,"y":7.211718559265137,"z":-177.90234375},"rotation":{"x":-0.14180327951908112,"y":0.7360292077064514,"z":-0.16265840828418733,"w":-0.6416513323783875},"size":21.4793701171875,"orthographic":true}