{"cameraMode":{"drawMode":0,"name":"Shaded","section":"Shading Mode"},"sceneLighting":false,"audioPlay":false,"sceneViewState":{"showFog":false,"showMaterialUpdate":false,"showSkybox":false,"showFlares":false,"showImageEffects":false,"showParticleSystems":false},"in2DMode":false,"pivot":{"x":2.9700000286102297,"y":1.0,"z":1.649999976158142},"rotation":{"x":0.03769202157855034,"y":-0.9332917332649231,"z":0.3420656621456146,"w":0.10288813710212708},"size":1.6418567895889283,"orthographic":true}