{"cameraMode":{"drawMode":0,"name":"Shaded","section":"Shading Mode"},"sceneLighting":false,"audioPlay":false,"sceneViewState":{"showFog":false,"showMaterialUpdate":false,"showSkybox":false,"showFlares":false,"showImageEffects":false,"showParticleSystems":false},"in2DMode":false,"pivot":{"x":0.012000083923339844,"y":10.875,"z":1.185999870300293},"rotation":{"x":0.05586514621973038,"y":-0.7231757640838623,"z":0.058962300419807437,"w":0.6859607100486755},"size":1.7068021297454835,"orthographic":true}